
    <!-- Modulus -->
    <family customizationType="new-named-family" name="sa_modulus">
        <font weight="400" style="normal">Sa_Modulus.ttf</font>
    </family>
    <alias name="sa_modulus-semi-bold" to="sa_modulus" weight="600" />
    <alias name="sa_modulus-bold" to="sa_modulus" weight="700" />
    <alias name="times" to="sa_modulus" />
    <alias name="times new roman" to="sa_modulus" />
    <alias name="palatino" to="sa_modulus" />
    <alias name="georgia" to="sa_modulus" />
    <alias name="baskerville" to="sa_modulus" />
    <alias name="goudy" to="sa_modulus" />
    <alias name="fantasy" to="sa_modulus" />
    <alias name="ITC Stone Serif" to="sa_modulus" />
    
    <!-- Reemkufi -->
    <family customizationType="new-named-family" name="sa_reemkufi">
        <font weight="400" style="normal">Sa_Reem-kufi.ttf</font>
    </family>
    <alias name="sa_reemkufi-semi-bold" to="sa_reemkufi" weight="600" />
    <alias name="sa_reemkufi-bold" to="sa_reemkufi" weight="700" />
    <alias name="times" to="sa_reemkufi" />
    <alias name="times new roman" to="sa_reemkufi" />
    <alias name="palatino" to="sa_reemkufi" />
    <alias name="georgia" to="sa_reemkufi" />
    <alias name="baskerville" to="sa_reemkufi" />
    <alias name="goudy" to="sa_reemkufi" />
    <alias name="fantasy" to="sa_reemkufi" />
    <alias name="ITC Stone Serif" to="sa_reemkufi" />
    
    <!-- Arial Rounded-->
    <family customizationType="new-named-family" name="sa_arial">
        <font weight="400" style="normal">Sa_Arial-Rounded.ttf</font>
    </family>
    <alias name="sa_arial-semi-bold" to="sa_arial" weight="600" />
    <alias name="sa_arial-bold" to="sa_arial" weight="700" />
    <alias name="times" to="sa_arial" />
    <alias name="times new roman" to="sa_arial" />
    <alias name="palatino" to="sa_arial" />
    <alias name="georgia" to="sa_arial" />
    <alias name="baskerville" to="sa_arial" />
    <alias name="goudy" to="sa_arial" />
    <alias name="fantasy" to="sa_arial" />
    <alias name="ITC Stone Serif" to="sa_arial" />

    <!-- Vag-Rounded -->
    <family customizationType="new-named-family" name="sa_vagrounded">
        <font weight="400" style="normal">Sa_VAG-Rounded.ttf</font>
    </family>
    <alias name="sa_vagrounded-semi-bold" to="sa_vagrounded" weight="600" />
    <alias name="sa_vagrounded-bold" to="sa_vagrounded" weight="700" />
    <alias name="times" to="sa_vagrounded" />
    <alias name="times new roman" to="sa_vagrounded" />
    <alias name="palatino" to="sa_vagrounded" />
    <alias name="georgia" to="sa_vagrounded" />
    <alias name="baskerville" to="sa_vagrounded" />
    <alias name="goudy" to="sa_vagrounded" />
    <alias name="fantasy" to="sa_vagrounded" />
    <alias name="ITC Stone Serif" to="sa_vagrounded" />
    
    <!-- Volte-Rounded -->
    <family customizationType="new-named-family" name="sa_volterounded">
        <font weight="400" style="normal">Sa_VolteRounded.ttf</font>
    </family>
    <alias name="sa_volterounded-semi-bold" to="sa_volterounded" weight="600" />
    <alias name="sa_volterounded-bold" to="sa_volterounded" weight="700" />
    <alias name="times" to="sa_volterounded" />
    <alias name="times new roman" to="sa_volterounded" />
    <alias name="palatino" to="sa_volterounded" />
    <alias name="georgia" to="sa_volterounded" />
    <alias name="baskerville" to="sa_volterounded" />
    <alias name="goudy" to="sa_volterounded" />
    <alias name="fantasy" to="sa_volterounded" />
    <alias name="ITC Stone Serif" to="sa_volterounded" />

    <!-- Chula -->
    <family customizationType="new-named-family" name="sa_chula">
        <font weight="400" style="normal">Sa_Chula.otf</font>
    </family>
    <alias name="sa_chula-semi-bold" to="sa_chula" weight="600" />
    <alias name="sa_chula-bold" to="sa_chula" weight="700" />
    <alias name="times" to="sa_chula" />
    <alias name="times new roman" to="sa_chula" />
    <alias name="palatino" to="sa_chula" />
    <alias name="georgia" to="sa_chula" />
    <alias name="baskerville" to="sa_chula" />
    <alias name="goudy" to="sa_chula" />
    <alias name="fantasy" to="sa_chula" />
    <alias name="ITC Stone Serif" to="sa_chula" />
    
    <!-- Cagliostro -->
    <family customizationType="new-named-family" name="sa_cagliostro">
        <font weight="400" style="normal">Sa_Cagliostro-Regular.ttf</font>
    </family>
    <alias name="sa_cagliostro-semi-bold" to="sa_cagliostro" weight="600" />
    <alias name="sa_cagliostro-bold" to="sa_cagliostro" weight="700" />
    <alias name="times" to="sa_cagliostro" />
    <alias name="times new roman" to="sa_cagliostro" />
    <alias name="palatino" to="sa_cagliostro" />
    <alias name="georgia" to="sa_cagliostro" />
    <alias name="baskerville" to="sa_cagliostro" />
    <alias name="goudy" to="sa_cagliostro" />
    <alias name="fantasy" to="sa_cagliostro" />
    <alias name="ITC Stone Serif" to="sa_cagliostro" />
    
    <!-- Opensans -->
    <family customizationType="new-named-family" name="sa_opensans">
        <font weight="400" style="normal">Sa_Opensans-Regular.ttf</font>
        <font weight="700" style="normal">Sa_Opensans-Bold.ttf</font>
    </family>
    <alias name="sa_opensans-semi-bold" to="sa_opensans" weight="600" />
    <alias name="sa_opensans-bold" to="sa_opensans" weight="700" />
    <alias name="times" to="sa_opensans" />
    <alias name="times new roman" to="sa_opensans" />
    <alias name="palatino" to="sa_opensans" />
    <alias name="georgia" to="sa_opensans" />
    <alias name="baskerville" to="sa_opensans" />
    <alias name="goudy" to="sa_opensans" />
    <alias name="fantasy" to="sa_opensans" />
    <alias name="ITC Stone Serif" to="sa_opensans" />
    
    <!-- Sfpro -->
    <family customizationType="new-named-family" name="sa_sfpro">
        <font weight="400" style="normal">Sa_SFPro.ttf</font>
    </family>
    <alias name="sa_sfpro-semi-bold" to="sa_sfpro" weight="600" />
    <alias name="sa_sfpro-bold" to="sa_sfpro" weight="700" />
    <alias name="times" to="sa_sfpro" />
    <alias name="times new roman" to="sa_sfpro" />
    <alias name="palatino" to="sa_sfpro" />
    <alias name="georgia" to="sa_sfpro" />
    <alias name="baskerville" to="sa_sfpro" />
    <alias name="goudy" to="sa_sfpro" />
    <alias name="fantasy" to="sa_sfpro" />
    <alias name="ITC Stone Serif" to="sa_sfpro" />
    
    <!-- Dosis -->
    <family customizationType="new-named-family" name="sa_dosis">
        <font weight="400" style="normal">Sa_Dosis.ttf</font>
    </family>
    <alias name="sa_dosis-semi-bold" to="sa_dosis" weight="600" />
    <alias name="sa_dosis-bold" to="sa_dosis" weight="700" />
    <alias name="times" to="sa_dosis" />
    <alias name="times new roman" to="sa_dosis" />
    <alias name="palatino" to="sa_dosis" />
    <alias name="georgia" to="sa_dosis" />
    <alias name="baskerville" to="sa_dosis" />
    <alias name="goudy" to="sa_dosis" />
    <alias name="fantasy" to="sa_dosis" />
    <alias name="ITC Stone Serif" to="sa_dosis" />
    
    <!-- sa_fluidsans -->
    <family customizationType="new-named-family" name="sa_fluidsans">
        <font weight="400" style="normal">Sa_FluidSans-Regular.ttf</font>
        <font weight="500" style="normal">Sa_FluidsSans-Medium.ttf</font>
        <font weight="700" style="normal">Sa_FluidSans-Bold.ttf</font>
    </family>
    <alias name="sa_fluidsans-semi-bold" to="sa_fluidsans" weight="600" />
    <alias name="sa_fluidsans-bold" to="sa_fluidsans" weight="700" />
    <alias name="times" to="sa_fluidsans" />
    <alias name="times new roman" to="sa_fluidsans" />
    <alias name="palatino" to="sa_fluidsans" />
    <alias name="georgia" to="sa_fluidsans" />
    <alias name="baskerville" to="sa_fluidsans" />
    <alias name="goudy" to="sa_fluidsans" />
    <alias name="fantasy" to="sa_fluidsans" />
    <alias name="ITC Stone Serif" to="sa_fluidsans" />
    
    <!-- Corporativ Sans Rounded Alt -->
    <family customizationType="new-named-family" name="sa_csra">
        <font weight="400" style="normal">Sa_CSRA-Medium.ttf</font>
        <font weight="500" style="normal">Sa_CSRA-Regular.ttf</font>
    </family>
    <alias name="sa_csra-semi-bold" to="sa_csra" weight="600" />
    <alias name="sa_csra-bold" to="sa_csra" weight="700" />
    <alias name="times" to="sa_csra" />
    <alias name="times new roman" to="sa_csra" />
    <alias name="palatino" to="sa_csra" />
    <alias name="georgia" to="sa_csra" />
    <alias name="baskerville" to="sa_csra" />
    <alias name="goudy" to="sa_csra" />
    <alias name="fantasy" to="sa_csra" />
    <alias name="ITC Stone Serif" to="sa_csra" />
    
    <!-- Samsung One -->
    <family customizationType="new-named-family" name="sa_samsungone">
        <font weight="400" style="normal">Sa_SamsungOne.ttf</font>
    </family>
    <alias name="sa_samsungone-semi-bold" to="sa_samsungone" weight="600" />
    <alias name="sa_samsungone-bold" to="sa_samsungone" weight="700" />
    <alias name="times" to="sa_samsungone" />
    <alias name="times new roman" to="sa_samsungone" />
    <alias name="palatino" to="sa_samsungone" />
    <alias name="georgia" to="sa_samsungone" />
    <alias name="baskerville" to="sa_samsungone" />
    <alias name="goudy" to="sa_samsungone" />
    <alias name="fantasy" to="sa_samsungone" />
    <alias name="ITC Stone Serif" to="sa_samsungone" />
    
    <!-- Tinkerbell -->
    <family customizationType="new-named-family" name="sa_tinkerbell">
    <font weight="300" style="normal">Sa_GearTinkerbell.ttf</font>
    </family>
    
    <!-- Linnote Bold -->
    <family customizationType="new-named-family" name="sa_linnotebold">
        <font weight="400" style="normal">Sa_LinnoteBold.ttf</font>
    </family>
    <alias name="sa_linnotebold-semi-bold" to="sa_linnotebold" weight="600" />
    <alias name="sa_linnotebold-bold" to="sa_linnotebold" weight="700" />
    <alias name="times" to="sa_linnotebold" />
    <alias name="times new roman" to="sa_linnotebold" />
    <alias name="palatino" to="sa_linnotebold" />
    <alias name="georgia" to="sa_linnotebold" />
    <alias name="baskerville" to="sa_linnotebold" />
    <alias name="goudy" to="sa_linnotebold" />
    <alias name="fantasy" to="sa_linnotebold" />
    <alias name="ITC Stone Serif" to="sa_linnotebold" />
    
    <!-- sa_fucek -->
    <family customizationType="new-named-family" name="sa_fucek">
        <font weight="400" style="normal">Sa_Fucek.ttf</font>
    </family>
    <alias name="sa_fucek-semi-bold" to="sa_fucek" weight="600" />
    <alias name="sa_fucek-bold" to="sa_fucek" weight="700" />
    <alias name="times" to="sa_fucek" />
    <alias name="times new roman" to="sa_fucek" />
    <alias name="palatino" to="sa_fucek" />
    <alias name="georgia" to="sa_fucek" />
    <alias name="baskerville" to="sa_fucek" />
    <alias name="goudy" to="sa_fucek" />
    <alias name="fantasy" to="sa_fucek" />
    <alias name="ITC Stone Serif" to="sa_fucek" />
    
    <!-- nothing -->
    <family customizationType="new-named-family" name="sa_nothing">
        <font weight="400" style="normal">Sa_Nothing.ttf</font>
    </family>
    <alias name="sa_nothing-semi-bold" to="sa_nothing" weight="600" />
    <alias name="sa_nothing-bold" to="sa_nothing" weight="700" />
    <alias name="times" to="sa_nothing" />
    <alias name="times new roman" to="sa_nothing" />
    <alias name="palatino" to="sa_nothing" />
    <alias name="georgia" to="sa_nothing" />
    <alias name="baskerville" to="sa_nothing" />
    <alias name="goudy" to="sa_nothing" />
    <alias name="fantasy" to="sa_nothing" />
    <alias name="ITC Stone Serif" to="sa_nothing" />

</fonts-modification>
